idx,x,y,z,nx,ny,nz,dx,dy,dz,seg_len,cumulative_len
0,0.471856,0.170595,0.385708,0.150021,-0.237735,-0.959675,1.000000,0.000000,0.000000,0.000000,0.000000
1,0.471856,0.170595,0.385708,0.150021,-0.237735,-0.959675,0.985903,0.032820,0.164070,0.000000,0.000000
2,0.476197,0.170739,0.386431,0.170047,-0.236954,-0.956523,0.985312,0.016338,0.169982,0.004403,0.004403
3,0.481122,0.170748,0.387307,0.201984,-0.254295,-0.945800,0.983032,0.017639,0.182584,0.005003,0.009405
4,0.484704,0.170892,0.388011,0.194586,-0.259731,-0.945873,0.978800,0.042041,0.200457,0.003653,0.013059
5,0.488837,0.171080,0.388887,0.235100,-0.296724,-0.925572,0.985884,0.032185,0.164307,0.004229,0.017288
6,0.492909,0.171308,0.389846,0.231098,-0.297343,-0.926380,0.983703,0.035146,0.176334,0.004190,0.021477
7,0.496902,0.171503,0.390764,0.196009,-0.263551,-0.944522,0.984288,0.035204,0.173025,0.004102,0.025579
8,0.501002,0.171670,0.391524,0.168873,-0.264904,-0.949372,0.985047,0.036621,0.168349,0.004173,0.029752
9,0.505041,0.171864,0.392184,0.167476,-0.266243,-0.949245,0.986186,0.037638,0.161309,0.004097,0.033849
10,0.509088,0.172057,0.392841,0.138979,-0.314565,-0.939007,0.987856,0.036055,0.151134,0.004105,0.037954
11,0.513217,0.172140,0.393326,0.133839,-0.320189,-0.937852,0.989859,0.033477,0.138049,0.004158,0.042112
12,0.517311,0.172313,0.394021,0.127810,-0.325035,-0.937026,0.991930,0.030447,0.123077,0.004157,0.046269
13,0.521417,0.172489,0.394682,0.115501,-0.330095,-0.936855,0.993642,0.027726,0.109116,0.004162,0.050431
14,0.525568,0.172686,0.395254,0.103138,-0.338141,-0.935427,0.994758,0.025617,0.099001,0.004195,0.054626
15,0.529725,0.172793,0.395621,0.092877,-0.344254,-0.934271,0.995895,0.023135,0.087510,0.004174,0.058800
16,0.533902,0.172878,0.395884,0.078244,-0.348367,-0.934087,0.996960,0.020336,0.075220,0.004187,0.062987
17,0.538113,0.172911,0.395979,0.063682,-0.352442,-0.933664,0.997936,0.016979,0.061932,0.004212,0.067198
18,0.542317,0.172953,0.396068,0.050220,-0.357307,-0.932636,0.998776,0.013009,0.047721,0.004205,0.071403
19,0.546551,0.173004,0.396200,0.035059,-0.362139,-0.931465,0.999427,0.008554,0.032744,0.004237,0.075640
20,0.550766,0.173133,0.396503,0.019811,-0.366511,-0.930203,0.999841,0.003757,0.017420,0.004228,0.079868
21,0.554997,0.173210,0.396724,0.005339,-0.367856,-0.929867,0.999997,-0.001233,0.002016,0.004238,0.084106
22,0.559239,0.173267,0.396891,-0.015505,-0.367794,-0.929778,0.999883,-0.006892,-0.013658,0.004246,0.088352
23,0.563487,0.173181,0.396642,-0.036716,-0.366967,-0.929509,0.999458,-0.014382,-0.029603,0.004256,0.092607
24,0.567695,0.173101,0.396429,-0.060112,-0.366385,-0.928520,0.998649,-0.024777,-0.045673,0.004214,0.096821
25,0.571915,0.173062,0.396326,-0.081875,-0.365645,-0.927147,0.997339,-0.039204,-0.061467,0.004222,0.101043
26,0.576118,0.172997,0.396161,-0.103785,-0.366420,-0.924643,0.995373,-0.058626,-0.076125,0.004207,0.105250
27,0.580313,0.172886,0.395878,-0.124520,-0.367075,-0.921819,0.992526,-0.083718,-0.088787,0.004205,0.109455
28,0.584469,0.172765,0.395531,-0.148242,-0.363165,-0.919856,0.988392,-0.115193,-0.099055,0.004172,0.113628
29,0.588578,0.172639,0.395114,-0.172085,-0.359019,-0.917329,0.982336,-0.153558,-0.106940,0.004132,0.117760
30,0.592606,0.172449,0.394528,-0.202167,-0.355768,-0.912446,0.973508,-0.199204,-0.112246,0.004075,0.121834
31,0.596529,0.172202,0.393855,-0.232755,-0.347822,-0.908210,0.960769,-0.252712,-0.114279,0.003988,0.125822
32,0.600464,0.171881,0.393094,-0.261463,-0.341411,-0.902815,0.942634,-0.314547,-0.111807,0.004021,0.129844
33,0.604205,0.171465,0.392110,-0.289085,-0.332291,-0.897782,0.917324,-0.384445,-0.103534,0.003890,0.133734
34,0.607956,0.171089,0.391169,-0.311449,-0.323443,-0.893524,0.882868,-0.461156,-0.088768,0.003886,0.137619
35,0.611462,0.170734,0.390056,-0.338585,-0.311134,-0.888007,0.837092,-0.542951,-0.066946,0.003696,0.141315
36,0.614454,0.169927,0.389384,-0.360618,-0.300279,-0.883056,0.777542,-0.627673,-0.038146,0.003171,0.144486
37,0.616871,0.168525,0.388890,-0.380184,-0.289773,-0.878346,0.701696,-0.712470,-0.002949,0.002837,0.147323
38,0.618976,0.166747,0.388503,-0.393998,-0.276449,-0.876551,0.607709,-0.793247,0.038062,0.002783,0.150106
39,0.620442,0.164462,0.388458,-0.402450,-0.268181,-0.875279,0.495062,-0.864817,0.083695,0.002715,0.152821
40,0.621602,0.161775,0.388651,-0.408142,-0.260282,-0.875027,0.364626,-0.921709,0.132289,0.002933,0.155754
41,0.622207,0.158583,0.389097,-0.413791,-0.253096,-0.874482,0.219196,-0.958618,0.181673,0.003279,0.159033
42,0.622485,0.154744,0.389943,-0.417734,-0.246481,-0.874497,0.063740,-0.971390,0.228775,0.003941,0.162974
43,0.622772,0.150927,0.390511,-0.417017,-0.240583,-0.876480,-0.095126,-0.958039,0.270392,0.003869,0.166843
44,0.622675,0.147646,0.391158,-0.413781,-0.232802,-0.880107,-0.250204,-0.919301,0.303781,0.003346,0.170190
45,0.622011,0.144829,0.392045,-0.403053,-0.224543,-0.887203,-0.394877,-0.858424,0.327385,0.003027,0.173217
46,0.621005,0.142723,0.393258,-0.395360,-0.213561,-0.893355,-0.524225,-0.780266,0.341136,0.002630,0.175847
47,0.619346,0.141145,0.394527,-0.383530,-0.202430,-0.901070,-0.635203,-0.690584,0.345847,0.002618,0.178465
48,0.617003,0.140091,0.395912,-0.371000,-0.192629,-0.908434,-0.726765,-0.595480,0.342369,0.002918,0.181384
49,0.614054,0.139813,0.397198,-0.354327,-0.188063,-0.916016,-0.799821,-0.500461,0.331400,0.003229,0.184612
50,0.610425,0.139882,0.398254,-0.337498,-0.183422,-0.923283,-0.856403,-0.409766,0.314112,0.003780,0.188392
51,0.606583,0.140046,0.399362,-0.309765,-0.177719,-0.934057,-0.898913,-0.326465,0.292193,0.004002,0.192394
52,0.602538,0.140228,0.400531,-0.282055,-0.176315,-0.943058,-0.929899,-0.252701,0.267263,0.004214,0.196609
53,0.598413,0.140361,0.401571,-0.254092,-0.174760,-0.951260,-0.951859,-0.189551,0.240906,0.004257,0.200865
54,0.594251,0.140446,0.402497,-0.223758,-0.174876,-0.958828,-0.967224,-0.136954,0.213824,0.004265,0.205130
55,0.589953,0.140465,0.402983,-0.193937,-0.174796,-0.965316,-0.977985,-0.094278,0.186162,0.004326,0.209456
56,0.585668,0.140538,0.403469,-0.160506,-0.173614,-0.971646,-0.985536,-0.060606,0.158260,0.004313,0.213769
57,0.581401,0.140629,0.404011,-0.130392,-0.172219,-0.976391,-0.990838,-0.035204,0.130390,0.004302,0.218071
58,0.576994,0.140750,0.404525,-0.097999,-0.171106,-0.980367,-0.994542,-0.017299,0.102891,0.004438,0.222509
59,0.572628,0.140876,0.405012,-0.071223,-0.172901,-0.982361,-0.997068,-0.005955,0.076286,0.004395,0.226904
60,0.568244,0.141023,0.405486,-0.051935,-0.170548,-0.983980,-0.998704,-0.000163,0.050902,0.004412,0.231317
61,0.563719,0.141066,0.405621,-0.032650,-0.168133,-0.985223,-0.999634,0.001352,0.027020,0.004527,0.235843
62,0.559256,0.141086,0.405590,-0.010455,-0.165269,-0.986193,-0.999989,0.000015,0.004648,0.004463,0.240307
63,0.554804,0.141025,0.405471,0.014120,-0.165968,-0.986030,-0.999863,-0.002721,-0.016351,0.004454,0.244760
64,0.550274,0.140935,0.405191,0.035979,-0.167768,-0.985170,-0.999329,-0.005755,-0.036165,0.004540,0.249300
65,0.545855,0.140851,0.404852,0.054786,-0.171766,-0.983613,-0.998462,-0.008693,-0.054750,0.004432,0.253732
66,0.541481,0.140770,0.404569,0.070656,-0.174169,-0.982178,-0.997351,-0.011394,-0.071848,0.004384,0.258116
67,0.537159,0.140662,0.404100,0.082762,-0.177757,-0.980588,-0.996079,-0.013821,-0.087384,0.004349,0.262466
68,0.532924,0.140582,0.403522,0.097001,-0.178975,-0.979060,-0.994696,-0.016469,-0.101528,0.004275,0.266741
69,0.528684,0.140467,0.402751,0.111450,-0.178250,-0.977653,-0.993217,-0.020282,-0.114495,0.004311,0.271051
70,0.524403,0.140405,0.402090,0.125348,-0.176143,-0.976351,-0.991657,-0.026272,-0.126198,0.004333,0.275384
71,0.520194,0.140352,0.401571,0.139984,-0.173170,-0.974893,-0.990043,-0.036365,-0.135985,0.004241,0.279625
72,0.516067,0.140246,0.400846,0.149435,-0.170298,-0.973996,-0.988300,-0.051986,-0.143392,0.004191,0.283816
73,0.511948,0.140137,0.400080,0.157708,-0.167071,-0.973250,-0.986152,-0.074242,-0.148299,0.004191,0.288008
74,0.507845,0.139960,0.399120,0.166135,-0.163830,-0.972399,-0.983044,-0.104106,-0.150950,0.004217,0.292225
75,0.503713,0.139812,0.398263,0.172099,-0.161672,-0.971722,-0.978146,-0.142441,-0.151465,0.004222,0.296447
76,0.499625,0.139685,0.397450,0.178762,-0.159487,-0.970880,-0.970363,-0.189781,-0.149598,0.004170,0.300618
77,0.495489,0.139578,0.396923,0.185413,-0.157295,-0.969990,-0.958224,-0.246602,-0.144893,0.004170,0.304788
78,0.491383,0.139464,0.396289,0.189812,-0.154638,-0.969566,-0.940036,-0.312236,-0.137265,0.004156,0.308944
79,0.487281,0.139347,0.395554,0.191931,-0.151424,-0.969656,-0.913635,-0.386362,-0.126475,0.004169,0.313114
80,0.483193,0.139247,0.394799,0.194049,-0.148208,-0.969732,-0.876186,-0.468852,-0.111699,0.004158,0.317271
81,0.479112,0.139149,0.394022,0.198908,-0.144938,-0.969241,-0.824707,-0.557899,-0.092773,0.004156,0.321428
82,0.475604,0.138470,0.393396,0.205157,-0.141399,-0.968461,-0.756982,-0.649724,-0.069548,0.003627,0.325055
83,0.472836,0.137390,0.392955,0.208658,-0.137944,-0.968211,-0.670921,-0.740332,-0.042107,0.003004,0.328059
84,0.470941,0.136041,0.392720,0.209715,-0.130943,-0.968955,-0.565475,-0.824693,-0.010956,0.002338,0.330397
85,0.469991,0.133637,0.392810,0.210761,-0.123937,-0.969649,-0.441291,-0.897063,0.023254,0.002586,0.332982
86,0.469655,0.130757,0.393049,0.213853,-0.117135,-0.969818,-0.300733,-0.951863,0.059295,0.002910,0.335892
87,0.471144,0.128520,0.393608,0.214686,-0.111977,-0.970243,-0.147813,-0.984403,0.095407,0.002745,0.338637
88,0.472486,0.122780,0.394476,0.220110,-0.106626,-0.969630,0.011734,-0.991486,0.129686,0.005958,0.344595
89,0.472696,0.118644,0.394927,0.222166,-0.103624,-0.969487,0.171407,-0.972013,0.160653,0.004166,0.348761
90,0.473139,0.114881,0.395385,0.222491,-0.100938,-0.969695,0.322999,-0.927774,0.186834,0.003816,0.352577
91,0.473281,0.113671,0.395532,0.222473,-0.098289,-0.969972,0.459854,-0.863490,0.207169,0.001227,0.353805
92,0.472874,0.106918,0.396002,0.220855,-0.096314,-0.970539,0.579137,-0.784452,0.221891,0.006782,0.360586
93,0.474275,0.106911,0.396372,0.219236,-0.094339,-0.971100,0.679708,-0.696143,0.231046,0.001449,0.362036
94,0.476140,0.105637,0.396977,0.216510,-0.092467,-0.971892,0.761559,-0.603938,0.235132,0.002338,0.364373
95,0.478874,0.105499,0.397710,0.213093,-0.090067,-0.972872,0.826270,-0.511858,0.235116,0.002834,0.367208
96,0.482289,0.105739,0.398602,0.209337,-0.088913,-0.973793,0.876090,-0.422755,0.231827,0.003538,0.370745
97,0.486260,0.105844,0.399642,0.204641,-0.087773,-0.974894,0.912485,-0.341195,0.225737,0.004107,0.374852
98,0.490320,0.105935,0.400650,0.199937,-0.086631,-0.975971,0.938438,-0.268215,0.217702,0.004184,0.379036
99,0.494424,0.106017,0.401618,0.193982,-0.085341,-0.977286,0.956262,-0.205400,0.208262,0.004217,0.383253
100,0.498558,0.106089,0.402504,0.186650,-0.084888,-0.978752,0.968378,-0.152343,0.197574,0.004229,0.387482
101,0.502741,0.106146,0.403287,0.179304,-0.084431,-0.980164,0.976686,-0.107465,0.185838,0.004257,0.391738
102,0.506957,0.106183,0.404047,0.172023,-0.083967,-0.981508,0.982349,-0.070239,0.173372,0.004284,0.396023
103,0.511184,0.106231,0.404747,0.159278,-0.083730,-0.983677,0.986191,-0.041190,0.160408,0.004285,0.400307
104,0.515443,0.106278,0.405403,0.143356,-0.083935,-0.986105,0.988946,-0.020066,0.146914,0.004309,0.404616
105,0.519701,0.106320,0.406021,0.130577,-0.086688,-0.987641,0.991129,-0.006209,0.132762,0.004303,0.408919
106,0.523968,0.106344,0.406576,0.116291,-0.089441,-0.989180,0.993037,0.000836,0.117798,0.004304,0.413222
107,0.528297,0.106383,0.407094,0.100710,-0.087842,-0.991030,0.994774,0.001988,0.102082,0.004360,0.417582
108,0.532613,0.106422,0.407558,0.083492,-0.082863,-0.993057,0.996313,0.001178,0.085784,0.004341,0.421923
109,0.536919,0.106473,0.407984,0.063204,-0.076870,-0.995036,0.997627,-0.001191,0.068845,0.004328,0.426251
110,0.541382,0.106505,0.408391,0.044147,-0.070873,-0.996508,0.998691,-0.003522,0.051025,0.004482,0.430733
111,0.545941,0.106545,0.408708,0.027651,-0.065066,-0.997498,0.999464,-0.005552,0.032269,0.004570,0.435303
112,0.550378,0.106622,0.409020,0.008692,-0.060092,-0.998155,0.999897,-0.007296,0.012327,0.004449,0.439751
113,0.554902,0.106700,0.409104,-0.008477,-0.056282,-0.998379,0.999921,-0.008731,-0.009033,0.004525,0.444276
114,0.559536,0.106559,0.408948,-0.032569,-0.053826,-0.998019,0.999444,-0.010193,-0.031753,0.004639,0.448915
115,0.564097,0.106406,0.408873,-0.060375,-0.051822,-0.996830,0.998360,-0.012977,-0.055757,0.004565,0.453480
116,0.568777,0.106228,0.408776,-0.086734,-0.049107,-0.995020,0.996544,-0.018620,-0.080953,0.004684,0.458164
117,0.573285,0.106013,0.408533,-0.113925,-0.045809,-0.992433,0.993837,-0.028361,-0.107162,0.004520,0.462684
118,0.577597,0.105776,0.407971,-0.140160,-0.042470,-0.989218,0.990049,-0.043303,-0.133891,0.004355,0.467039
119,0.582089,0.105556,0.407294,-0.171059,-0.035960,-0.984604,0.984976,-0.064349,-0.160252,0.004548,0.471586
120,0.586467,0.105348,0.406469,-0.203660,-0.029688,-0.978592,0.978293,-0.092253,-0.185560,0.004461,0.476047
121,0.590804,0.105363,0.405785,-0.240157,-0.027710,-0.970339,0.969446,-0.127698,-0.209445,0.004391,0.480437
122,0.595242,0.105409,0.405061,-0.276775,-0.026338,-0.960574,0.957585,-0.171293,-0.231709,0.004496,0.484934
123,0.599433,0.105478,0.404147,-0.308917,-0.024567,-0.950772,0.941420,-0.223837,-0.252243,0.004291,0.489224
124,0.603606,0.105546,0.402912,-0.332939,-0.028110,-0.942529,0.919218,-0.286258,-0.270360,0.004353,0.493577
125,0.607640,0.105591,0.401397,-0.353843,-0.015375,-0.935178,0.888844,-0.358769,-0.285029,0.004309,0.497886
126,0.611344,0.105620,0.399706,-0.375672,-0.001885,-0.926751,0.848190,-0.440063,-0.294821,0.004072,0.501958
127,0.614990,0.105681,0.398053,-0.398479,0.016063,-0.917037,0.795241,-0.528066,-0.297891,0.004003,0.505961
128,0.617863,0.105210,0.396686,-0.420007,0.029851,-0.907030,0.727784,-0.620153,-0.292815,0.003216,0.509177
129,0.620112,0.103908,0.395413,-0.437800,0.040365,-0.898166,0.643623,-0.712774,-0.278752,0.002895,0.512072
130,0.621807,0.102067,0.394156,-0.452700,0.048845,-0.890324,0.541047,-0.801054,-0.256089,0.002800,0.514872
131,0.622857,0.099532,0.392973,-0.461954,0.056393,-0.885109,0.420053,-0.879087,-0.225304,0.002988,0.517860
132,0.623730,0.096587,0.392393,-0.472580,0.063649,-0.878987,0.282798,-0.940922,-0.186258,0.003126,0.520986
133,0.624581,0.093042,0.392452,-0.474026,0.072219,-0.877544,0.133595,-0.981209,-0.139216,0.003646,0.524632
134,0.624790,0.089014,0.392698,-0.478002,0.079561,-0.874748,-0.021081,-0.996131,-0.085313,0.004041,0.528673
135,0.624861,0.084489,0.392638,-0.475009,0.088356,-0.875534,-0.174233,-0.984306,-0.028027,0.004527,0.533200
136,0.624297,0.081027,0.392381,-0.467715,0.097440,-0.878492,-0.319529,-0.947161,0.028053,0.003516,0.536716
137,0.623101,0.078137,0.392207,-0.461239,0.105634,-0.880965,-0.451701,-0.888628,0.079415,0.003133,0.539849
138,0.621527,0.075818,0.392579,-0.449779,0.115823,-0.885598,-0.567430,-0.814056,0.123840,0.002827,0.542676
139,0.619497,0.073848,0.393268,-0.440214,0.123560,-0.889351,-0.665167,-0.729247,0.160470,0.002912,0.545588
140,0.616978,0.072424,0.394393,-0.422156,0.128369,-0.897388,-0.744840,-0.639873,0.189144,0.003105,0.548692
141,0.614002,0.071502,0.395851,-0.399787,0.132914,-0.906920,-0.807898,-0.550589,0.210124,0.003440,0.552132
142,0.610510,0.071291,0.397313,-0.372522,0.143054,-0.916931,-0.856723,-0.464683,0.223822,0.003792,0.555924
143,0.606740,0.071072,0.398761,-0.341391,0.153840,-0.927246,-0.893866,-0.384652,0.230316,0.004044,0.559968
144,0.602863,0.070908,0.399737,-0.313097,0.165574,-0.935177,-0.921781,-0.312270,0.229797,0.004001,0.563969
145,0.598824,0.070673,0.400890,-0.288822,0.182869,-0.939756,-0.942628,-0.248552,0.222878,0.004207,0.568177
146,0.594799,0.070513,0.402011,-0.264351,0.184812,-0.946553,-0.958056,-0.193765,0.211151,0.004181,0.572358
147,0.590671,0.070361,0.403148,-0.242111,0.189169,-0.951629,-0.969262,-0.147512,0.196902,0.004284,0.576642
148,0.586368,0.070204,0.404133,-0.213375,0.184886,-0.959317,-0.977352,-0.109111,0.181324,0.004417,0.581059
149,0.582104,0.070059,0.404964,-0.184240,0.180455,-0.966174,-0.983311,-0.077970,0.164380,0.004347,0.585406
150,0.577635,0.069915,0.405701,-0.155939,0.175397,-0.972069,-0.987864,-0.053449,0.145838,0.004531,0.589937
151,0.573094,0.069764,0.406260,-0.127176,0.170853,-0.977054,-0.991484,-0.034648,0.125531,0.004578,0.594515
152,0.568671,0.069652,0.406672,-0.104057,0.167436,-0.980376,-0.994364,-0.020748,0.103967,0.004443,0.598958
153,0.564081,0.069491,0.406933,-0.080547,0.163849,-0.983192,-0.996574,-0.010882,0.081991,0.004600,0.603559
154,0.559672,0.069336,0.407118,-0.062681,0.158433,-0.985378,-0.998170,-0.003989,0.060335,0.004416,0.607975
155,0.555186,0.069347,0.407181,-0.043669,0.155028,-0.986944,-0.999213,0.001017,0.039658,0.004486,0.612461
156,0.550647,0.069394,0.407240,-0.023195,0.149293,-0.988521,-0.999785,0.005156,0.020064,0.004539,0.617000
157,0.546217,0.069461,0.407232,-0.004500,0.143468,-0.989645,-0.999959,0.008966,0.001235,0.004431,0.621431
158,0.541794,0.069596,0.407239,0.013808,0.139273,-0.990158,-0.999773,0.012403,-0.017341,0.004425,0.625856
159,0.537383,0.069779,0.406961,0.027751,0.133340,-0.990682,-0.999236,0.015458,-0.035886,0.004424,0.630280
160,0.533019,0.069996,0.406648,0.051863,0.130287,-0.990119,-0.998380,0.017730,-0.054065,0.004380,0.634660
161,0.528570,0.070263,0.406299,0.071542,0.127183,-0.989296,-0.997260,0.018182,-0.071709,0.004471,0.639131
162,0.524292,0.070388,0.405927,0.091544,0.124056,-0.988043,-0.995898,0.015601,-0.089131,0.004296,0.643427
163,0.519971,0.070569,0.405532,0.105522,0.123649,-0.986700,-0.994259,0.008486,-0.106662,0.004343,0.647769
164,0.515715,0.070738,0.405102,0.118775,0.120363,-0.985599,-0.992171,-0.004432,-0.124807,0.004281,0.652050
165,0.511457,0.070864,0.404599,0.133652,0.115890,-0.984229,-0.989245,-0.023859,-0.144309,0.004290,0.656340
166,0.507244,0.070984,0.403978,0.153791,0.112397,-0.981690,-0.984988,-0.050675,-0.165016,0.004261,0.660601
167,0.502900,0.071078,0.403427,0.172629,0.114235,-0.978340,-0.978796,-0.085729,-0.186032,0.004379,0.664980
168,0.498600,0.071123,0.402836,0.197211,0.120786,-0.972892,-0.969811,-0.129704,-0.206505,0.004341,0.669321
169,0.494305,0.071164,0.402345,0.217811,0.131481,-0.967094,-0.956686,-0.183376,-0.226108,0.004323,0.673644
170,0.490112,0.071161,0.401378,0.240295,0.131499,-0.961752,-0.937507,-0.247430,-0.244659,0.004303,0.677947
171,0.486026,0.071204,0.400195,0.261580,0.127107,-0.956776,-0.909865,-0.321876,-0.261803,0.004254,0.682201
172,0.482051,0.071305,0.398816,0.273990,0.131414,-0.952712,-0.871013,-0.405563,-0.277228,0.004209,0.686410
173,0.478049,0.071446,0.397475,0.286534,0.131710,-0.948973,-0.818243,-0.496564,-0.289659,0.004223,0.690632
174,0.474727,0.070922,0.396616,0.296317,0.133690,-0.945687,-0.749060,-0.591918,-0.297560,0.003471,0.694104
175,0.472071,0.069923,0.395813,0.304982,0.139479,-0.942089,-0.661364,-0.687818,-0.299174,0.002949,0.697053
176,0.470082,0.068380,0.394821,0.314541,0.144461,-0.938187,-0.554104,-0.779448,-0.292284,0.002706,0.699759
177,0.468751,0.066055,0.393851,0.318090,0.154172,-0.935441,-0.427595,-0.860567,-0.276743,0.002850,0.702608
178,0.468144,0.063143,0.392643,0.322027,0.162539,-0.932673,-0.283912,-0.924734,-0.253495,0.003210,0.705819
179,0.468164,0.059937,0.391250,0.327930,0.168795,-0.929500,-0.127464,-0.966449,-0.223001,0.003495,0.709314
180,0.468437,0.055631,0.390512,0.332293,0.176646,-0.926487,0.035023,-0.981924,-0.186005,0.004377,0.713692
181,0.468455,0.051426,0.390130,0.329056,0.184336,-0.926144,0.195480,-0.970129,-0.143657,0.004222,0.717913
182,0.468887,0.047722,0.390030,0.320940,0.192160,-0.927401,0.346217,-0.933052,-0.097717,0.003731,0.721644
183,0.469990,0.044579,0.389858,0.312513,0.201163,-0.928369,0.481696,-0.874846,-0.051128,0.003335,0.724980
184,0.471494,0.042160,0.390029,0.312329,0.206861,-0.927178,0.599016,-0.800701,-0.007540,0.002854,0.727833
185,0.473528,0.040371,0.390439,0.308338,0.214590,-0.926757,0.697112,-0.716313,0.030501,0.002739,0.730573
186,0.476287,0.039005,0.391069,0.302861,0.222322,-0.926740,0.776258,-0.627349,0.062102,0.003142,0.733715
187,0.479600,0.038268,0.391943,0.282600,0.230652,-0.931095,0.838080,-0.538513,0.087328,0.003505,0.737219
188,0.483509,0.038132,0.392782,0.265138,0.235879,-0.934913,0.884953,-0.453300,0.106663,0.004001,0.741220
189,0.487490,0.037949,0.393666,0.236445,0.235907,-0.942572,0.919438,-0.374298,0.120561,0.004082,0.745302
190,0.491464,0.037731,0.394630,0.219955,0.230020,-0.948003,0.944113,-0.303298,0.129076,0.004095,0.749398
191,0.495521,0.037501,0.395485,0.199043,0.236554,-0.951012,0.961322,-0.241386,0.132641,0.004152,0.753550
192,0.499638,0.037295,0.396311,0.170255,0.247902,-0.953707,0.973213,-0.188380,0.131796,0.004204,0.757754
193,0.503743,0.037148,0.396866,0.155615,0.245666,-0.956782,0.981581,-0.143348,0.126295,0.004145,0.761899
194,0.507999,0.036957,0.397488,0.136405,0.248825,-0.958895,0.987470,-0.105794,0.117097,0.004306,0.766204
195,0.512222,0.036724,0.398140,0.123431,0.250540,-0.960205,0.991500,-0.075552,0.105919,0.004280,0.770484
196,0.516473,0.036467,0.398882,0.107136,0.253146,-0.961478,0.994218,-0.052236,0.093821,0.004323,0.774807
197,0.520814,0.036328,0.399345,0.088846,0.257861,-0.962088,0.996111,-0.035018,0.080844,0.004367,0.779174
198,0.525022,0.036328,0.399299,0.072969,0.260436,-0.962730,0.997544,-0.022726,0.066260,0.004208,0.783382
199,0.529367,0.036449,0.398991,0.058482,0.264095,-0.962722,0.998642,-0.014127,0.050141,0.004358,0.787740
200,0.533761,0.036509,0.398917,0.039974,0.268039,-0.962578,0.999416,-0.008033,0.033217,0.004395,0.792135
201,0.537935,0.036413,0.399496,0.023028,0.270414,-0.962469,0.999862,-0.003354,0.016270,0.004215,0.796350
202,0.542222,0.036482,0.399573,0.003281,0.272003,-0.962291,1.000000,0.000766,-0.000413,0.004289,0.800639
203,0.546388,0.036562,0.399574,-0.011994,0.273341,-0.961842,0.999838,0.004662,-0.017360,0.004167,0.804806
204,0.550753,0.036580,0.399320,-0.027904,0.274094,-0.961298,0.999352,0.008399,-0.035006,0.004372,0.809178
205,0.555113,0.036600,0.399255,-0.049314,0.273789,-0.960525,0.998506,0.011913,-0.053321,0.004361,0.813539
206,0.559367,0.036592,0.399285,-0.069679,0.274300,-0.959116,0.997291,0.014630,-0.072087,0.004254,0.817792
207,0.563699,0.036609,0.398927,-0.094787,0.274561,-0.956886,0.995736,0.015540,-0.090931,0.004348,0.822140
208,0.567966,0.036649,0.398603,-0.112828,0.268011,-0.956786,0.993887,0.013298,-0.109601,0.004279,0.826419
209,0.572266,0.036721,0.398185,-0.132089,0.252267,-0.958600,0.991761,0.005791,-0.127974,0.004321,0.830740
210,0.576515,0.036862,0.397649,-0.140113,0.236379,-0.961506,0.989270,-0.008629,-0.145844,0.004285,0.835025
211,0.580715,0.037034,0.397076,-0.159831,0.226036,-0.960917,0.986032,-0.030657,-0.163708,0.004242,0.839267
212,0.584845,0.037276,0.396281,-0.177442,0.213747,-0.960639,0.981350,-0.061021,-0.182287,0.004213,0.843480
213,0.588912,0.037525,0.395447,-0.187722,0.200633,-0.961513,0.974184,-0.100919,-0.201944,0.004159,0.847639
214,0.592917,0.037764,0.394646,-0.202992,0.203917,-0.957712,0.963012,-0.151937,-0.222536,0.004091,0.851730
215,0.596823,0.037953,0.393682,-0.214241,0.205660,-0.954885,0.945688,-0.215561,-0.243326,0.004027,0.855757
216,0.600687,0.038013,0.392582,-0.229130,0.207399,-0.951044,0.919127,-0.292509,-0.263899,0.004019,0.859776
217,0.604559,0.038111,0.391178,-0.239479,0.206447,-0.948699,0.879502,-0.382116,-0.283663,0.004120,0.863896
218,0.608429,0.038147,0.389842,-0.247889,0.204147,-0.947035,0.822737,-0.481966,-0.301352,0.004094,0.867990
219,0.612220,0.038243,0.388359,-0.254681,0.205963,-0.944837,0.745197,-0.587596,-0.315298,0.004072,0.872062
220,0.615133,0.037677,0.387259,-0.258727,0.207246,-0.943456,0.644918,-0.692500,-0.323303,0.003165,0.875227
221,0.617334,0.036807,0.386609,-0.261140,0.203997,-0.943499,0.521598,-0.789436,-0.323615,0.002454,0.877681
222,0.618711,0.035526,0.386192,-0.261930,0.201700,-0.943774,0.377250,-0.871129,-0.314352,0.001927,0.879608
223,0.619172,0.033851,0.386028,-0.261264,0.201511,-0.943999,0.216942,-0.930693,-0.294527,0.001745,0.881352
224,0.618643,0.031585,0.385902,-0.258118,0.201903,-0.944780,0.048303,-0.962856,-0.265661,0.002331,0.883683
225,0.617129,0.028954,0.385670,-0.256605,0.201424,-0.945295,-0.119741,-0.965716,-0.230334,0.003044,0.886728
226,0.614737,0.025837,0.385592,-0.252375,0.197881,-0.947180,-0.279035,-0.941026,-0.191333,0.003929,0.890657
227,0.612528,0.022819,0.385405,-0.244281,0.197200,-0.949441,-0.422593,-0.893747,-0.150441,0.003744,0.894401
228,0.610222,0.019427,0.385129,-0.232739,0.196762,-0.952427,-0.545972,-0.830650,-0.109253,0.004111,0.898512
229,0.607821,0.016169,0.384625,-0.216156,0.202726,-0.955081,-0.648236,-0.758131,-0.070905,0.004079,0.902592
230,0.605164,0.013431,0.384157,-0.200935,0.215197,-0.955675,-0.730946,-0.681391,-0.037739,0.003843,0.906435
231,0.602288,0.011113,0.384053,-0.201985,0.226751,-0.952778,-0.796779,-0.604176,-0.010704,0.003695,0.910130
232,0.599186,0.009258,0.384127,-0.188911,0.238983,-0.952470,-0.848453,-0.529160,0.010818,0.003616,0.913746
233,0.595797,0.007659,0.384293,-0.175780,0.251134,-0.951858,-0.888478,-0.458065,0.027980,0.003751,0.917497
234,0.592176,0.006589,0.384627,-0.154626,0.265406,-0.951657,-0.919137,-0.391771,0.041267,0.003790,0.921287
235,0.588299,0.006122,0.385097,-0.139204,0.265125,-0.954113,-0.942284,-0.330900,0.051040,0.003933,0.925220
236,0.584266,0.005990,0.385753,-0.133108,0.267917,-0.954203,-0.959448,-0.275922,0.057681,0.004088,0.929308
237,0.579955,0.005910,0.386506,-0.125016,0.270567,-0.954549,-0.971794,-0.227458,0.062276,0.004377,0.933685
238,0.575668,0.005804,0.386902,-0.121796,0.264261,-0.956730,-0.980560,-0.185136,0.065007,0.004307,0.937991
239,0.571619,0.005723,0.387215,-0.102404,0.262657,-0.959440,-0.986876,-0.147879,0.064869,0.004062,0.942053
240,0.567601,0.005731,0.387489,-0.092023,0.256717,-0.962096,-0.991383,-0.115256,0.062256,0.004028,0.946081
241,0.563694,0.005472,0.388586,-0.086660,0.256714,-0.962594,-0.994482,-0.087344,0.058106,0.004065,0.950147
242,0.559543,0.005179,0.389492,-0.071531,0.261148,-0.962645,-0.996529,-0.064231,0.052955,0.004259,0.954406
243,0.555235,0.005222,0.389461,-0.058351,0.263791,-0.962813,-0.997873,-0.045769,0.046411,0.004309,0.958715
244,0.551251,0.005283,0.389069,-0.039694,0.261309,-0.964439,-0.998822,-0.031182,0.037182,0.004003,0.962718
245,0.547140,0.005253,0.388606,-0.025752,0.258121,-0.965769,-0.999495,-0.019697,0.024923,0.004138,0.966855
246,0.542900,0.005074,0.388816,-0.011794,0.254878,-0.966901,-0.999874,-0.011105,0.011299,0.004249,0.971104
247,0.538719,0.004826,0.389365,0.002966,0.257005,-0.966406,-0.999985,-0.005174,-0.002001,0.004224,0.975328
248,0.534387,0.004771,0.389964,0.013669,0.256537,-0.966438,-0.999888,-0.001101,-0.014917,0.004374,0.979702
249,0.530063,0.004862,0.389579,0.024799,0.256038,-0.966349,-0.999605,0.002043,-0.028038,0.004342,0.984044
250,0.526069,0.004994,0.389031,0.034911,0.254870,-0.966345,-0.999132,0.004631,-0.041403,0.004034,0.988078
251,0.522123,0.004883,0.389231,0.045020,0.253676,-0.966241,-0.998482,0.006690,-0.054679,0.003952,0.992030
252,0.518099,0.004913,0.389199,0.066813,0.251242,-0.965615,-0.997673,0.010068,-0.067440,0.004025,0.996054
253,0.513880,0.005131,0.388725,0.073387,0.247984,-0.965981,-0.996804,0.013686,-0.078702,0.004251,1.000306
254,0.509846,0.005308,0.388023,0.079695,0.242978,-0.966752,-0.995849,0.016496,-0.089517,0.004098,1.004403
255,0.505868,0.005446,0.387243,0.141818,0.203978,-0.968649,-0.994882,0.018303,-0.099369,0.004056,1.008460
256,0.501711,0.005546,0.386655,0.141818,0.203978,-0.968649,-0.993978,0.019325,-0.107858,0.004200,1.012660
257,0.497564,0.005635,0.386094,0.127233,0.250027,-0.959843,-0.993130,0.017600,-0.115684,0.004186,1.016846
258,0.493337,0.005803,0.385578,0.127233,0.250027,-0.959843,-0.992262,0.012084,-0.123576,0.004262,1.021107
259,0.489182,0.005940,0.385029,0.136077,0.249731,-0.958706,-0.991325,0.005401,-0.131319,0.004193,1.025301
260,0.485067,0.006045,0.384463,0.144962,0.247401,-0.958008,-0.989830,0.021723,-0.140588,0.004155,1.029456
261,0.481108,0.006117,0.383883,0.144962,0.247401,-0.958008,-0.988930,0.019119,-0.147149,0.004002,1.033458
262,0.476781,0.006206,0.383230,0.146719,0.218455,-0.964754,-0.988084,-0.007639,-0.153729,0.004377,1.037835
263,0.472919,0.006054,0.382609,0.146719,0.218455,-0.964754,-0.985981,-0.048801,-0.159562,0.003914,1.041748
264,0.469698,0.005855,0.382084,0.141165,0.182023,-0.973108,-0.985180,-0.060703,-0.160420,0.003270,1.045018
